{"insightID":"e23eb04c-4b10-46da-93c4-227566d02a4b","pixelReturn":[{"pixelExpression":"CachedPanel ( \"0\" ) ;","isMeta":false,"output":{"panelId":"0","panelLabel":"Skill Proficiency by Employee Current Role","view":"visualization","viewOptions":"{\"type\":\"echarts\"}","viewOptionsMap":{"federate-view":{"app_id":"1ffa4b07-97c7-4606-8b10-0fdf98a7b107"},"visualization":{"type":"echarts"}},"config":{"type":"STANDARD","opacity":100.0,"labelOverride":false},"ornaments":{"tools":{"shared":{"toggleLegend":false,"colorName":"Four","backgroundColor":"#FFFFFF","color":{}}}},"events":{"onSingleClick":{"Unfilter":[{"disabledVisuals":["Grid","Sunburst"],"default":true,"query":"(<Frame> | UnfilterFrame(<SelectedColumn>));","options":{},"refresh":false,"disabled":false,"panel":""}]},"onBrush":{"Filter":[{"default":true,"query":"if((IsEmpty(<SelectedValues>)),(<Frame> | UnfilterFrame(<SelectedColumn>)), (<Frame> | SetFrameFilter(<SelectedColumn>==<SelectedValues>)));","options":{},"refresh":false,"disabled":false,"panel":""}]}},"comments":{},"position":{"top":19.319856060154432,"left":37.41100323624595,"width":29.255663430420714,"height":80.68014393984556},"filters":[],"order":[],"cbv":[]},"operationType":["CACHED_PANEL"]},{"pixelExpression":"CachedPanel ( \"1\" ) ;","isMeta":false,"output":{"panelId":"1","panelLabel":"Employee Role Mapping","view":"visualization","viewOptions":"{\"type\":\"echarts\"}","viewOptionsMap":{"federate-view":{"app_id":"1ffa4b07-97c7-4606-8b10-0fdf98a7b107"},"visualization":{"type":"echarts"}},"config":{"type":"STANDARD","opacity":100.0,"labelOverride":false},"ornaments":{"tools":{"shared":{"toggleLegend":true,"colorName":"Four","backgroundColor":"#FFFFFF","color":{}}}},"events":{"onSingleClick":{"Unfilter":[{"disabledVisuals":["Grid","Sunburst"],"default":true,"query":"(<Frame> | UnfilterFrame(<SelectedColumn>));","options":{},"refresh":false,"disabled":false,"panel":""}]},"onBrush":{"Filter":[{"default":true,"query":"if((IsEmpty(<SelectedValues>)),(<Frame> | UnfilterFrame(<SelectedColumn>)), (<Frame> | SetFrameFilter(<SelectedColumn>==<SelectedValues>)));","options":{},"refresh":false,"disabled":false,"panel":""}]}},"comments":{},"position":{"top":19.597194505632753,"left":12.3125,"width":25.5625,"height":46.107715109509925},"filters":[],"order":[],"cbv":[]},"operationType":["CACHED_PANEL"]},{"pixelExpression":"CachedPanel ( \"2\" ) ;","isMeta":false,"output":{"panelId":"2","panelLabel":"Number of Projects per Employee","view":"visualization","viewOptions":"{\"type\":\"echarts\"}","viewOptionsMap":{"federate-view":{"app_id":"1ffa4b07-97c7-4606-8b10-0fdf98a7b107"},"visualization":{"type":"echarts"}},"config":{"type":"STANDARD","opacity":100.0,"labelOverride":false},"ornaments":{"tools":{"shared":{"toggleLegend":false,"colorName":"Four","backgroundColor":"#FFFFFF","color":{},"rotateAxis":true}}},"events":{"onSingleClick":{"Unfilter":[{"disabledVisuals":["Grid","Sunburst"],"default":true,"query":"(<Frame> | UnfilterFrame(<SelectedColumn>));","options":{},"refresh":false,"disabled":false,"panel":""}]},"onBrush":{"Filter":[{"default":true,"query":"if((IsEmpty(<SelectedValues>)),(<Frame> | UnfilterFrame(<SelectedColumn>)), (<Frame> | SetFrameFilter(<SelectedColumn>==<SelectedValues>)));","options":{},"refresh":false,"disabled":false,"panel":""}]},"onDoubleClick":{"Double click employee":[{"disabledVisuals":[],"query":"smss_chain_filter= Frame(<Frame>) |Select(<TargetColumn>) | Filter(<SelectedColumn>==<SelectedValues>)|Iterate(useFrameFilters=[false]);<Frame> | SetFrameFilter(<TargetColumn>==smss_chain_filter);RemoveVariable(smss_chain_filter);","options":{"header":"Employee_Name"},"refresh":true,"panel":""}]}},"comments":{},"position":{"top":19.319856060154432,"left":66.2135922330097,"width":33.78640776699029,"height":80.50125638373302},"filters":[],"order":[],"cbv":[{"name":"cbv_1573659297478","options":{"color":"#fb9c6c","colorOn":"Employee_Name","valuesColumn":"GOV_CTR"},"filterInfo":[{"filterObj":{"comparator":"==","left":{"type":"COLUMN","value":"GOV_CTR"},"right":{"type":"CONST_STRING","value":"GOV"},"filterType":"SIMPLE"},"filterStr":"GOV_CTR == GOV"}],"havingInfo":[]}]},"operationType":["CACHED_PANEL"]},{"pixelExpression":"CachedPanel ( \"4\" ) ;","isMeta":false,"output":{"panelId":"4","panelLabel":"Project Priority","view":"visualization","viewOptions":"{\"type\":\"echarts\"}","viewOptionsMap":{"federate-view":{"app_id":"1ffa4b07-97c7-4606-8b10-0fdf98a7b107"},"visualization":{"type":"echarts"}},"config":{"type":"STANDARD","opacity":100.0,"labelOverride":false},"ornaments":{"tools":{"shared":{"toggleLegend":false,"colorName":"Four","backgroundColor":"#FFFFFF","color":{},"rotateAxis":true,"toggleDonut":true,"animationPie":"Elastic","displayValues":false,"customizePieLabel":{"dynamicView":"No","fontSize":"15","position":"Inside","dimension":["Name"],"showLabel":"<showLabel>"},"pieRadius":{"outerRadius":100.0,"innerRadius":0.0}}}},"events":{"onSingleClick":{"Unfilter":[{"disabledVisuals":["Grid","Sunburst"],"default":true,"query":"(<Frame> | UnfilterFrame(<SelectedColumn>));","options":{},"refresh":false,"disabled":false,"panel":""}]},"onBrush":{"Filter":[{"default":true,"query":"if((IsEmpty(<SelectedValues>)),(<Frame> | UnfilterFrame(<SelectedColumn>)), (<Frame> | SetFrameFilter(<SelectedColumn>==<SelectedValues>)));","options":{},"refresh":false,"disabled":false,"panel":""}]},"onDoubleClick":{"double click pie":[{"disabledVisuals":[],"query":"smss_chain_filter= Frame(<Frame>) |Select(<TargetColumn>) | Filter(<SelectedColumn>==<SelectedValues>)|Iterate(useFrameFilters=[false]);<Frame> | SetFrameFilter(<TargetColumn>==smss_chain_filter);RemoveVariable(smss_chain_filter);","options":{"header":"Project_Priority"},"refresh":true,"panel":""}]}},"comments":{},"position":{"top":65.29395798107748,"left":12.362459546925567,"width":25.6957928802589,"height":34.70604201892251},"filters":[],"order":[],"cbv":[]},"operationType":["CACHED_PANEL"]},{"pixelExpression":"CachedPanel ( \"5\" ) ;","isMeta":false,"output":{"panelId":"5","panelLabel":"","view":"text-widget","viewOptions":"{\"html\":\"<div id=\\\"projectFacts\\\">\\n    <div class=\\\"item\\\">\\n      <div class=\\\"icon\\\">\\n        <i class=\\\"fa fa-tasks fa-3x\\\"></i>\\n      </div>\\n      <div class=\\\"item-contents\\\">\\n          <p class=\\\"number\\\">{{PC[0][\\\"output\\\"][\\\"data\\\"][\\\"values\\\"][0][0] | number:0}}</p>\\n          <div class=\\\"line\\\"></div>\\n          <p class=\\\"label\\\">Projects</p>\\n      </div>\\n      \\n    </div>\\n    <div class=\\\"item\\\">\\n        <div class=\\\"icon\\\">\\n            <i class=\\\"fa fa-university fa-3x\\\"></i>\\n          </div>\\n          <div class=\\\"item-contents\\\">\\n                <p class=\\\"number\\\">{{GOV[0][\\\"output\\\"][\\\"data\\\"][\\\"values\\\"][0][0] | number:0}}</p>\\n                <div class=\\\"line\\\"></div>\\n                <p class=\\\"label\\\">Gov Employees</p>\\n          </div>\\n    </div>\\n    <div class=\\\"item\\\">\\n        <div class=\\\"icon\\\">\\n                <i class=\\\"fa fa-id-badge fa-3x\\\"></i>\\n        </div>\\n        <div class=\\\"item-contents\\\">\\n            <p class=\\\"number\\\">{{CTR[0][\\\"output\\\"][\\\"data\\\"][\\\"values\\\"][0][0] | number:0}}</p>\\n            <div class=\\\"line\\\"></div>\\n            <p class=\\\"label\\\">Contractors</p>\\n        </div>\\n      \\n    </div>\\n    <div class=\\\"item\\\">\\n        <div class=\\\"icon\\\">\\n                <i class=\\\"fa fa-location-arrow fa-3x\\\"></i>\\n          </div>\\n          <div class=\\\"item-contents\\\">\\n              <p class=\\\"number\\\">{{SA[0][\\\"output\\\"][\\\"data\\\"][\\\"values\\\"][0][0] | number:0}}</p>\\n              <div class=\\\"line\\\"></div>\\n              <p class=\\\"label\\\">San Antonio</p>\\n          </div>\\n      \\n    </div>\\n    <div class=\\\"item\\\">\\n        <div class=\\\"icon\\\">\\n                <i class=\\\"fa fa-map-marker fa-3x\\\"></i>\\n          </div>\\n          <div class=\\\"item-contents\\\">\\n              <p class=\\\"number\\\">{{FC[0][\\\"output\\\"][\\\"data\\\"][\\\"values\\\"][0][0] | number:0}}</p>\\n              <div class=\\\"line\\\"></div>\\n              <p class=\\\"label\\\">Falls Church</p>\\n          </div>\\n      \\n    </div>\\n</div>\\n\\n<style>\\n  #TextWidget #projectFacts{\\n    height: 100px;\\n    color:  rgba(87, 87, 87, 0.8);\\n    background: rgb(226, 226, 226);\\n    display: flex;\\n    flex-direction: row;\\n    font-family: \\\"Open Sans\\\", \\\"Helvetica Neue\\\", \\\"Helvetica\\\", \\\"Arial\\\", \\\"sans-serif\\\";\\n  }\\n\\n  #TextWidget .item{\\n    display: flex;\\n    flex-direction: row;\\n    width: 20%;\\n    text-align: center;\\n    border: 1px solid #ccc;\\n    height: 100%\\n  }\\n\\n  #TextWidget .icon{\\n    width: 33%;\\n    display: flex;\\n    justify-content: center;\\n    align-items: center\\n  }\\n\\n  #TextWidget i{\\n      width: 50%;\\n      height:50%;\\n      \\n  }\\n\\n  #TextWidget .item-container{\\n    width: 66.67%;\\n  }\\n  \\n  #TextWidget .number{\\n    font-size: 30px;\\n    font-weight: bold;\\n    margin: 0;\\n  }\\n\\n  #TextWidget .line{\\n    width: 160px;\\n    background: #184d68;\\n    height: 2px;\\n    margin: 0 auto;\\n  }\\n\\n  #TextWidget .label{\\n    font-size: 20px;\\n    margin: 8px;\\n  }\\n</style>\",\"varList\":[{\"name\":\"PC\",\"query\":\"Select(UniqueCount(Projects)) | Filter(Project_Active == [\\\"YES\\\"]) | Collect(1)\"},{\"name\":\"GOV\",\"query\":\"Select(UniqueCount(Employee_Name)) | Filter(GOV_CTR == [\\\"GOV\\\"]) | Filter(Employee_Active == [\\\"YES\\\"])  | Collect(1)\"},{\"name\":\"CTR\",\"query\":\"Select(UniqueCount(Employee_Name)) | Filter(GOV_CTR == [\\\"CTR\\\"]) | Filter(Employee_Active == [\\\"YES\\\"])  | Collect(1)\"},{\"name\":\"SA\",\"query\":\"Select(UniqueCount(Employee_Name)) | Filter(Location == [\\\"SA\\\"]) | Filter(Employee_Active == [\\\"YES\\\"])  | Collect(1)\"},{\"name\":\"FC\",\"query\":\"Select(UniqueCount(Employee_Name)) | Filter(Location == [\\\"FC\\\"]) | Filter(Employee_Active == [\\\"YES\\\"])  | Collect(1)\"}],\"freeze\":false,\"loading\":true}","viewOptionsMap":{"federate-view":{"app_id":"1ffa4b07-97c7-4606-8b10-0fdf98a7b107"},"visualization":{"type":"echarts"},"text-widget":{"html":"<div id=\"projectFacts\">\n    <div class=\"item\">\n      <div class=\"icon\">\n        <i class=\"fa fa-tasks fa-3x\"></i>\n      </div>\n      <div class=\"item-contents\">\n          <p class=\"number\">{{PC[0][\"output\"][\"data\"][\"values\"][0][0] | number:0}}</p>\n          <div class=\"line\"></div>\n          <p class=\"label\">Projects</p>\n      </div>\n      \n    </div>\n    <div class=\"item\">\n        <div class=\"icon\">\n            <i class=\"fa fa-university fa-3x\"></i>\n          </div>\n          <div class=\"item-contents\">\n                <p class=\"number\">{{GOV[0][\"output\"][\"data\"][\"values\"][0][0] | number:0}}</p>\n                <div class=\"line\"></div>\n                <p class=\"label\">Gov Employees</p>\n          </div>\n    </div>\n    <div class=\"item\">\n        <div class=\"icon\">\n                <i class=\"fa fa-id-badge fa-3x\"></i>\n        </div>\n        <div class=\"item-contents\">\n            <p class=\"number\">{{CTR[0][\"output\"][\"data\"][\"values\"][0][0] | number:0}}</p>\n            <div class=\"line\"></div>\n            <p class=\"label\">Contractors</p>\n        </div>\n      \n    </div>\n    <div class=\"item\">\n        <div class=\"icon\">\n                <i class=\"fa fa-location-arrow fa-3x\"></i>\n          </div>\n          <div class=\"item-contents\">\n              <p class=\"number\">{{SA[0][\"output\"][\"data\"][\"values\"][0][0] | number:0}}</p>\n              <div class=\"line\"></div>\n              <p class=\"label\">San Antonio</p>\n          </div>\n      \n    </div>\n    <div class=\"item\">\n        <div class=\"icon\">\n                <i class=\"fa fa-map-marker fa-3x\"></i>\n          </div>\n          <div class=\"item-contents\">\n              <p class=\"number\">{{FC[0][\"output\"][\"data\"][\"values\"][0][0] | number:0}}</p>\n              <div class=\"line\"></div>\n              <p class=\"label\">Falls Church</p>\n          </div>\n      \n    </div>\n</div>\n\n<style>\n  #TextWidget #projectFacts{\n    height: 100px;\n    color:  rgba(87, 87, 87, 0.8);\n    background: rgb(226, 226, 226);\n    display: flex;\n    flex-direction: row;\n    font-family: \"Open Sans\", \"Helvetica Neue\", \"Helvetica\", \"Arial\", \"sans-serif\";\n  }\n\n  #TextWidget .item{\n    display: flex;\n    flex-direction: row;\n    width: 20%;\n    text-align: center;\n    border: 1px solid #ccc;\n    height: 100%\n  }\n\n  #TextWidget .icon{\n    width: 33%;\n    display: flex;\n    justify-content: center;\n    align-items: center\n  }\n\n  #TextWidget i{\n      width: 50%;\n      height:50%;\n      \n  }\n\n  #TextWidget .item-container{\n    width: 66.67%;\n  }\n  \n  #TextWidget .number{\n    font-size: 30px;\n    font-weight: bold;\n    margin: 0;\n  }\n\n  #TextWidget .line{\n    width: 160px;\n    background: #184d68;\n    height: 2px;\n    margin: 0 auto;\n  }\n\n  #TextWidget .label{\n    font-size: 20px;\n    margin: 8px;\n  }\n</style>","varList":[{"name":"PC","query":"Select(UniqueCount(Projects)) | Filter(Project_Active == [\"YES\"]) | Collect(1)"},{"name":"GOV","query":"Select(UniqueCount(Employee_Name)) | Filter(GOV_CTR == [\"GOV\"]) | Filter(Employee_Active == [\"YES\"])  | Collect(1)"},{"name":"CTR","query":"Select(UniqueCount(Employee_Name)) | Filter(GOV_CTR == [\"CTR\"]) | Filter(Employee_Active == [\"YES\"])  | Collect(1)"},{"name":"SA","query":"Select(UniqueCount(Employee_Name)) | Filter(Location == [\"SA\"]) | Filter(Employee_Active == [\"YES\"])  | Collect(1)"},{"name":"FC","query":"Select(UniqueCount(Employee_Name)) | Filter(Location == [\"FC\"]) | Filter(Employee_Active == [\"YES\"])  | Collect(1)"}],"freeze":false,"loading":true}},"config":{"type":"STANDARD","opacity":100.0,"labelOverride":false},"ornaments":{"tools":{"shared":{"toggleLegend":false,"colorName":"Four","backgroundColor":"#FFFFFF","color":{},"rotateAxis":true,"toggleDonut":true,"animationPie":"Elastic","displayValues":false,"customizePieLabel":{"dynamicView":"No","fontSize":"15","position":"Inside","dimension":["Name"],"showLabel":"<showLabel>"}}}},"events":{"onSingleClick":{"Unfilter":[{"disabledVisuals":["Grid","Sunburst"],"default":true,"query":"(<Frame> | UnfilterFrame(<SelectedColumn>));","options":{},"refresh":false,"disabled":false,"panel":""}]},"onBrush":{"Filter":[{"default":true,"query":"if((IsEmpty(<SelectedValues>)),(<Frame> | UnfilterFrame(<SelectedColumn>)), (<Frame> | SetFrameFilter(<SelectedColumn>==<SelectedValues>)));","options":{},"refresh":false,"disabled":false,"panel":""}]}},"comments":{},"position":{"top":0.0,"left":0.0,"width":100.0,"height":19.500599749356525},"filters":[],"order":[],"cbv":[]},"operationType":["CACHED_PANEL"]},{"pixelExpression":"CachedPanel ( \"8\" ) ;","isMeta":false,"output":{"panelId":"8","panelLabel":"","view":"legend-panel","viewOptionsMap":{"visualization":{"type":"echarts"}},"config":{"hideBorders":true,"backgroundColor":"#FFFFFF","label":"","type":"STANDARD","opacity":100.0,"labelOverride":false,"locked":true,"transparent":true,"zIndex":3.0},"ornaments":{"tools":{"shared":{"backgroundColor":"#FFFFFF","watermark":"","transparentPanel":true,"customLegend":{"numCustom":2.0,"fontSize":14.0,"alignment":"horizontal","labels":{"all":[{"color":"#184d68","icon":"square","alias":"CTR","id":"Label 1","$$hashKey":"object:39730"},{"color":"#fb9c6c","icon":"square","alias":"GOV","id":"Label 2","$$hashKey":"object:39966"}],"search":"","display":[{"color":"#184d68","icon":"square","alias":"CTR","id":"Label 1","$$hashKey":"object:39730"},{"color":"#fb9c6c","icon":"square","alias":"GOV","id":"Label 2","$$hashKey":"object:39966"}]}}}}},"events":{},"comments":{},"position":{"top":17.558823529411764,"left":67.0,"width":17.09061488673139,"height":17.941176470588236},"filters":[],"order":[],"cbv":[]},"operationType":["CACHED_PANEL"]},{"pixelExpression":"CachedPanel ( \"10\" ) ;","isMeta":false,"output":{"panelId":"10","panelLabel":"","view":"legend-panel","viewOptionsMap":{"visualization":{"type":"echarts"}},"config":{"hideBorders":true,"backgroundColor":"#FFFFFF","label":"","type":"STANDARD","opacity":100.0,"labelOverride":false,"transparent":true,"zIndex":3.0},"ornaments":{"tools":{"shared":{"backgroundColor":"#FFFFFF","watermark":"","transparentPanel":true,"customLegend":{"numCustom":4.0,"fontSize":12.0,"alignment":"horizontal","labels":{"all":[{"color":"#184D68","icon":"square","alias":"CTR1","id":"Label 1","$$hashKey":"object:52085"},{"color":"#7CA343","icon":"square","alias":"CTR2","id":"Label 2","$$hashKey":"object:52321"},{"color":"#f9651B","icon":"square","alias":"GOV1","id":"Label 3","$$hashKey":"object:52675"},{"color":"#0B264D","icon":"square","alias":"GOV2","id":"Label 4","$$hashKey":"object:52911"}],"search":"","display":[{"color":"#184D68","icon":"square","alias":"CTR1","id":"Label 1","$$hashKey":"object:52085"},{"color":"#7CA343","icon":"square","alias":"CTR2","id":"Label 2","$$hashKey":"object:52321"},{"color":"#f9651B","icon":"square","alias":"GOV1","id":"Label 3","$$hashKey":"object:52675"},{"color":"#0B264D","icon":"square","alias":"GOV2","id":"Label 4","$$hashKey":"object:52911"}]}}}}},"events":{},"comments":{},"position":{"top":19.558823529411764,"left":37.28155339805825,"width":28.09061488673139,"height":17.941176470588236},"filters":[],"order":[],"cbv":[]},"operationType":["CACHED_PANEL"]},{"pixelExpression":"CachedPanel ( \"11\" ) ;","isMeta":false,"output":{"panelId":"11","view":"DashboardFilter","viewOptionsMap":{},"config":{},"ornaments":{"dashboardFilter":{"instances":["CurrentRole","Work_Stream","Location"],"viewType":"List","singleSelect":"Multi Select"}},"events":{},"comments":{},"position":{"top":19.498743616266974,"left":0.0,"width":12.944983818770226,"height":80.50125638373302},"filters":[],"order":[],"cbv":[]},"operationType":["CACHED_PANEL"]},{"pixelExpression":"ifError ( ( Frame ( frame = [ FRAME423957 ] ) | Select ( CurrentRole , Average ( Agile_Design_Development ) , Average ( Amazon_Web_Services ) , Average ( Blockchain ) , Average ( Business_Process_Requirements_Gathering ) , Average ( Cloud ) , Average ( Digital_Project_Management ) , Average ( Java ) , Average ( Machine_Learning ) , Average ( Microsoft_Office ) , Average ( MySQL ) , Average ( Oracle ) , Average ( Project_Management ) , Average ( Python ) , Average ( Robotics_Process_Automation ) , Average ( SalesForce ) , Average ( SAP ) , Average ( Software_Development_Lifecycle ) , Average ( Tableau ) ) .as ( [ CurrentRole , Agile_Design_Development , Amazon_Web_Services , Blockchain , Business_Process_Requirements_Gathering , Cloud , Digital_Project_Management , Java , Machine_Learning , Microsoft_Office , MySQL , Oracle , Project_Management , Python , Robotics_Process_Automation , SalesForce , SAP , Software_Development_Lifecycle , Tableau ] ) | Group ( CurrentRole ) | With ( Panel ( 0 ) ) | Format ( type = [ 'table' ] ) | TaskOptions ( { \"0\" : { \"layout\" : \"Radar\" , \"alignment\" : { \"label\" : [ \"CurrentRole\" ] , \"value\" : [ \"Agile_Design_Development\" , \"Amazon_Web_Services\" , \"Blockchain\" , \"Business_Process_Requirements_Gathering\" , \"Cloud\" , \"Digital_Project_Management\" , \"Java\" , \"Machine_Learning\" , \"Microsoft_Office\" , \"MySQL\" , \"Oracle\" , \"Project_Management\" , \"Python\" , \"Robotics_Process_Automation\" , \"SalesForce\" , \"SAP\" , \"Software_Development_Lifecycle\" , \"Tableau\" ] } } } ) | Collect ( 2000 ) ) , ( true ) ) ;","isMeta":false,"output":{"data":{"values":[["CTR1",4.631578947368421,4.0,3.48,3.0,null,null,null,null,2.026315789473684,5.0,null,3.32,4.153846153846154,null,null,1.0,null,2.9411764705882355],["CTR2",1.0,2.6857142857142855,null,3.9523809523809526,4.785714285714286,null,3.0,1.3333333333333333,3.3424657534246576,5.0,3.5714285714285716,2.5416666666666665,2.0,null,3.727272727272727,2.0,null,2.380952380952381],["GOV1",5.0,2.0,1.0,null,null,3.875,5.0,null,3.25,1.0,null,5.0,null,2.0,2.0,1.0,3.0,2.0],["GOV2",4.0,4.0,null,5.0,1.4545454545454546,3.3333333333333335,5.0,null,3.923076923076923,null,4.0,5.0,3.0,null,null,null,1.0,4.5]],"headers":["CurrentRole","Agile_Design_Development","Amazon_Web_Services","Blockchain","Business_Process_Requirements_Gathering","Cloud","Digital_Project_Management","Java","Machine_Learning","Microsoft_Office","MySQL","Oracle","Project_Management","Python","Robotics_Process_Automation","SalesForce","SAP","Software_Development_Lifecycle","Tableau"],"rawHeaders":["CurrentRole","Agile_Design_Development","Amazon_Web_Services","Blockchain","Business_Process_Requirements_Gathering","Cloud","Digital_Project_Management","Java","Machine_Learning","Microsoft_Office","MySQL","Oracle","Project_Management","Python","Robotics_Process_Automation","SalesForce","SAP","Software_Development_Lifecycle","Tableau"]},"headerInfo":[{"alias":"CurrentRole","header":"CurrentRole","type":"STRING","derived":false},{"alias":"Agile_Design_Development","header":"Agile_Design_Development","calculatedBy":"Agile_Design_Development","groupBy":["CurrentRole"],"math":"Average","type":"STRING","derived":true},{"alias":"Amazon_Web_Services","header":"Amazon_Web_Services","calculatedBy":"Amazon_Web_Services","groupBy":["CurrentRole"],"math":"Average","type":"NUMBER","derived":true},{"alias":"Blockchain","header":"Blockchain","calculatedBy":"Blockchain","groupBy":["CurrentRole"],"math":"Average","type":"NUMBER","derived":true},{"alias":"Business_Process_Requirements_Gathering","header":"Business_Process_Requirements_Gathering","calculatedBy":"Business_Process_Requirements_Gathering","groupBy":["CurrentRole"],"math":"Average","type":"NUMBER","derived":true},{"alias":"Cloud","header":"Cloud","calculatedBy":"Cloud","groupBy":["CurrentRole"],"math":"Average","type":"NUMBER","derived":true},{"alias":"Digital_Project_Management","header":"Digital_Project_Management","calculatedBy":"Digital_Project_Management","groupBy":["CurrentRole"],"math":"Average","type":"NUMBER","derived":true},{"alias":"Java","header":"Java","calculatedBy":"Java","groupBy":["CurrentRole"],"math":"Average","type":"NUMBER","derived":true},{"alias":"Machine_Learning","header":"Machine_Learning","calculatedBy":"Machine_Learning","groupBy":["CurrentRole"],"math":"Average","type":"NUMBER","derived":true},{"alias":"Microsoft_Office","header":"Microsoft_Office","calculatedBy":"Microsoft_Office","groupBy":["CurrentRole"],"math":"Average","type":"NUMBER","derived":true},{"alias":"MySQL","header":"MySQL","calculatedBy":"MySQL","groupBy":["CurrentRole"],"math":"Average","type":"NUMBER","derived":true},{"alias":"Oracle","header":"Oracle","calculatedBy":"Oracle","groupBy":["CurrentRole"],"math":"Average","type":"NUMBER","derived":true},{"alias":"Project_Management","header":"Project_Management","calculatedBy":"Project_Management","groupBy":["CurrentRole"],"math":"Average","type":"NUMBER","derived":true},{"alias":"Python","header":"Python","calculatedBy":"Python","groupBy":["CurrentRole"],"math":"Average","type":"NUMBER","derived":true},{"alias":"Robotics_Process_Automation","header":"Robotics_Process_Automation","calculatedBy":"Robotics_Process_Automation","groupBy":["CurrentRole"],"math":"Average","type":"NUMBER","derived":true},{"alias":"SalesForce","header":"SalesForce","calculatedBy":"SalesForce","groupBy":["CurrentRole"],"math":"Average","type":"NUMBER","derived":true},{"alias":"SAP","header":"SAP","calculatedBy":"SAP","groupBy":["CurrentRole"],"math":"Average","type":"NUMBER","derived":true},{"alias":"Software_Development_Lifecycle","header":"Software_Development_Lifecycle","calculatedBy":"Software_Development_Lifecycle","groupBy":["CurrentRole"],"math":"Average","type":"NUMBER","derived":true},{"alias":"Tableau","header":"Tableau","calculatedBy":"Tableau","groupBy":["CurrentRole"],"math":"Average","type":"NUMBER","derived":true}],"sortInfo":[],"numRows":4,"sources":[{"name":"FRAME423957","type":"FRAME"}],"numCollected":2000,"taskOptions":{"0":{"layout":"Radar","alignment":{"label":["CurrentRole"],"value":["Agile_Design_Development","Amazon_Web_Services","Blockchain","Business_Process_Requirements_Gathering","Cloud","Digital_Project_Management","Java","Machine_Learning","Microsoft_Office","MySQL","Oracle","Project_Management","Python","Robotics_Process_Automation","SalesForce","SAP","Software_Development_Lifecycle","Tableau"]}}},"format":{"type":"TABLE"},"filterInfo":[],"taskId":"task1"},"operationType":["TASK_DATA"]},{"pixelExpression":"ifError ( ( Frame ( frame = [ FRAME423957 ] ) | Select ( Employee_Name , UniqueCount ( Projects ) ) .as ( [ Employee_Name , Unique_Count_of_Projects ] ) | Sort ( columns = [ \"Unique_Count_of_Projects\" ] , sort = [ \"DESC\" ] ) | Group ( Employee_Name ) | With ( Panel ( 2 ) ) | Format ( type = [ 'table' ] ) | TaskOptions ( { \"2\" : { \"layout\" : \"Column\" , \"alignment\" : { \"label\" : [ \"Employee_Name\" ] , \"value\" : [ \"Unique_Count_of_Projects\" ] } } } ) | Collect ( 2000 ) ) , ( true ) ) ;","isMeta":false,"output":{"data":{"values":[["Moon_Knight",43],["Hulk",26],["Cyclops",24],["Deadpool",21],["Elektra",21],["Captain_America",18],["Black_Panther",16],["Nova",16],["Blade",15],["Punisher",13],["Wasp",11],["Nightcrawler",11],["Wolverine",11],["Thing",11],["Invisible_Woman",11],["Iron_Man",11],["Spider_Man",10],["Quicksilver",10],["Luke_Cage",10],["Star_Lord",9],["Namor",8],["Black_Widow",8],["Ghost_Rider",6],["Daredevil",6],["Iron_Fist",5],["Hawkeye",4],["Kitty_Pryde",4],["Gambit",3],["Thor",2],["Carol_Danvers",1]],"headers":["Employee_Name","Unique_Count_of_Projects"],"rawHeaders":["Employee_Name","Unique_Count_of_Projects"]},"headerInfo":[{"alias":"Employee_Name","header":"Employee_Name","type":"STRING","derived":false},{"alias":"Unique_Count_of_Projects","header":"Unique_Count_of_Projects","calculatedBy":"Projects","groupBy":["Employee_Name"],"math":"UniqueCount","type":"STRING","derived":true}],"sortInfo":[{"alias":"Unique_Count_of_Projects","header":"Unique_Count_of_Projects","dir":"DESC","derived":false}],"numRows":30,"sources":[{"name":"FRAME423957","type":"FRAME"}],"numCollected":2000,"taskOptions":{"2":{"layout":"Column","alignment":{"label":["Employee_Name"],"value":["Unique_Count_of_Projects"]}}},"format":{"type":"TABLE"},"filterInfo":[],"taskId":"task57"},"operationType":["TASK_DATA"]},{"pixelExpression":"ifError ( ( Panel ( 2 ) | RetrievePanelColorByValue ( name = [ \"cbv_1573659297478\" ] ) | Collect ( 2000 ) ) , ( true ) ) ;","isMeta":false,"output":{"data":{"values":[["Black_Panther"],["Blade"],["Captain_America"],["Cyclops"],["Daredevil"],["Iron_Fist"],["Luke_Cage"],["Moon_Knight"],["Nightcrawler"],["Spider_Man"],["Wasp"]],"headers":["Employee_Name"],"rawHeaders":["Employee_Name"]},"headerInfo":[{"alias":"Employee_Name","header":"Employee_Name","type":"STRING","derived":false}],"sortInfo":[],"numRows":11,"sources":[{"name":"FRAME423957","type":"FRAME"}],"numCollected":2000,"taskOptions":{"panelId":"2","name":"cbv_1573659297478","type":"color"},"format":{"type":"TABLE"},"filterInfo":[{"filterObj":{"comparator":"==","left":{"type":"COLUMN","value":"GOV_CTR"},"right":{"type":"CONST_STRING","value":"GOV"},"filterType":"SIMPLE"},"filterStr":"GOV_CTR == GOV"}],"taskId":"task105"},"operationType":["PANEL_ORNAMENT_DATA"]},{"pixelExpression":"ifError ( ( Frame ( frame = [ FRAME423957 ] ) | Select ( Project_Priority , Count ( Projects ) ) .as ( [ Project_Priority , Count_of_Projects ] ) | Group ( Project_Priority ) | With ( Panel ( 4 ) ) | Format ( type = [ 'table' ] ) | TaskOptions ( { \"4\" : { \"layout\" : \"Pie\" , \"alignment\" : { \"label\" : [ \"Project_Priority\" ] , \"value\" : [ \"Count_of_Projects\" ] } } } ) | Collect ( 2000 ) ) , ( true ) ) ;","isMeta":false,"output":{"data":{"values":[["High",433],["Low",185],["Medium",461]],"headers":["Project_Priority","Count_of_Projects"],"rawHeaders":["Project_Priority","Count_of_Projects"]},"headerInfo":[{"alias":"Project_Priority","header":"Project_Priority","type":"STRING","derived":false},{"alias":"Count_of_Projects","header":"Count_of_Projects","calculatedBy":"Projects","groupBy":["Project_Priority"],"math":"Count","type":"STRING","derived":true}],"sortInfo":[],"numRows":3,"sources":[{"name":"FRAME423957","type":"FRAME"}],"numCollected":2000,"taskOptions":{"4":{"layout":"Pie","alignment":{"label":["Project_Priority"],"value":["Count_of_Projects"]}}},"format":{"type":"TABLE"},"filterInfo":[],"taskId":"task71"},"operationType":["TASK_DATA"]},{"pixelExpression":"if ( ( FRAME423957 | HasDuplicates ( CurrentRole ) ) , ( Frame ( frame = [ FRAME423957 ] ) | Select ( Degree , PreviousRole , CurrentRole , FutureRole ) .as ( [ Degree , PreviousRole , CurrentRole , FutureRole ] ) | With ( Panel ( 1 ) ) | Format ( type = [ 'table' ] ) | TaskOptions ( { \"1\" : { \"layout\" : \"ParallelCoordinates\" , \"alignment\" : { \"dimension\" : [ \"Degree\" , \"PreviousRole\" , \"CurrentRole\" , \"FutureRole\" ] , \"series\" : [ \"CurrentRole\" ] , \"facet\" : [ ] } } } ) | Collect ( 2000 ) ) , ( Frame ( frame = [ FRAME423957 ] ) | Select ( Degree , PreviousRole , CurrentRole , FutureRole ) .as ( [ Degree , PreviousRole , CurrentRole , FutureRole ] ) | With ( Panel ( 1 ) ) | Format ( type = [ 'table' ] ) | TaskOptions ( { \"1\" : { \"layout\" : \"ParallelCoordinates\" , \"alignment\" : { \"dimension\" : [ \"Degree\" , \"PreviousRole\" , \"CurrentRole\" , \"FutureRole\" ] , \"series\" : [ \"CurrentRole\" ] , \"facet\" : [ ] } } } ) | Collect ( 2000 ) ) ) ;","isMeta":false,"output":{"data":{"values":[["BA","GOV1","CTR2","GOV2"],["BA","CTR2","GOV2","GOV1"],["BA","CTR1","CTR1","CTR2"],["BA","CTR2","GOV1","GOV2"],["BA","CTR1","CTR2","GOV2"],["BA","GOV2","CTR2","CTR1"],["BA","CTR1","GOV1","CTR2"],["BA","GOV1","CTR1","CTR2"],["BS","CTR1","GOV2","GOV1"],["BS","CTR1","GOV2","CTR2"],["BS","GOV2","CTR1","GOV1"],["BS","GOV1","CTR1","CTR2"],["BS","CTR1","GOV1","CTR2"],["BS","GOV2","CTR2","GOV1"],["MA","CTR2","GOV1","GOV2"],["MA","GOV1","CTR2","GOV1"],["MA","GOV2","CTR1","GOV1"],["MA","CTR2","CTR2","CTR1"],["MBA","CTR1","GOV2","CTR2"],["MBA","CTR1","GOV2","GOV1"],["MBA","GOV1","CTR2","GOV1"],["MS","CTR2","CTR2","CTR1"],["MS","GOV2","CTR2","GOV1"],["MS","CTR1","CTR1","CTR2"],["MS","GOV1","CTR1","GOV2"],["MS","CTR1","CTR2","GOV2"],["PHD","GOV2","CTR2","CTR1"],["PHD","GOV1","GOV2","CTR2"]],"headers":["Degree","PreviousRole","CurrentRole","FutureRole"],"rawHeaders":["Degree","PreviousRole","CurrentRole","FutureRole"]},"headerInfo":[{"alias":"Degree","header":"Degree","type":"STRING","derived":false},{"alias":"PreviousRole","header":"PreviousRole","type":"STRING","derived":false},{"alias":"CurrentRole","header":"CurrentRole","type":"STRING","derived":false},{"alias":"FutureRole","header":"FutureRole","type":"STRING","derived":false}],"sortInfo":[],"numRows":28,"sources":[{"name":"FRAME423957","type":"FRAME"}],"numCollected":2000,"taskOptions":{"1":{"layout":"ParallelCoordinates","alignment":{"series":["CurrentRole"],"dimension":["Degree","PreviousRole","CurrentRole","FutureRole"],"facet":[]}}},"format":{"type":"TABLE"},"filterInfo":[],"taskId":"task47"},"operationType":["TASK_DATA"]}]}